{
  "n_components": 4,
  "explained_variance": [
    0.27442150780594715,
    0.11461975416509167,
    0.07551695720765046,
    0.06344550674817317
  ],
  "cumulative_variance": [
    0.27442150780594715,
    0.38904126197103883,
    0.4645582191786893,
    0.5280037259268624
  ],
  "selected_features": [
    "sy_pnum",
    "author_reputation",
    "disp_refname_count",
    "disc_pubdate_count",
    "sy_plx",
    "sy_disterr1",
    "sy_w1mag",
    "sy_dist",
    "sy_disterr2",
    "dec",
    "sy_hmag",
    "sy_pm",
    "ra",
    "elon",
    "sy_pmdecerr1",
    "sy_pmdec",
    "sy_pmdecerr2",
    "sy_w3mag",
    "sy_tmag",
    "sy_w2mag",
    "sy_pmerr1",
    "elat",
    "sy_pmra",
    "sy_pmraerr1",
    "sy_pmerr2",
    "sy_pmraerr2",
    "sy_gaiamag",
    "glon",
    "sy_jmag",
    "sy_kepmag",
    "glat",
    "sy_vmag",
    "sy_kmag",
    "sy_bmag",
    "gaia_id_count",
    "tic_id_count",
    "sy_w4mag",
    "pl_orbper",
    "soltype_freq",
    "soltype_count",
    "sy_w3magerr2",
    "sy_w3magerr1",
    "pl_tranmid",
    "pl_radjerr2",
    "pl_radjerr1",
    "sy_gmag",
    "sy_rmagerr2",
    "sy_bmagerr2",
    "sy_zmag",
    "sy_umagerr2"
  ],
  "feature_importance": {
    "sy_snum": 0.01470008013909574,
    "sy_pnum": 0.6107630517124334,
    "disc_year": 0.12413797987599584,
    "rv_flag": 0.14067026700692353,
    "pl_orbper": 0.2733248734589466,
    "pl_orbpererr1": 0.061530791029644316,
    "pl_orbpererr2": 0.04109913397366238,
    "pl_rade": 0.08113162306321618,
    "pl_radeerr1": 0.1227036955981915,
    "pl_radeerr2": 0.15218505857705653,
    "pl_radj": 0.12875356889663592,
    "pl_radjerr1": 0.20058569007920468,
    "pl_radjerr2": 0.20995506847232037,
    "pl_masse": 0.05949745048831677,
    "pl_masseerr1": 0.052368624956142196,
    "pl_masseerr2": 0.04850685074083994,
    "pl_masselim": 0.0013112930786528532,
    "pl_orbincl": 0.03643652603500758,
    "pl_orbinclerr1": 0.045098907563581536,
    "pl_orbinclerr2": 0.05217605834482769,
    "pl_tranmid": 0.21587750223377156,
    "ttv_flag": 0.0207077590942093,
    "pl_imppar": 0.023976576267409965,
    "pl_trandep": 0.059382648692822795,
    "pl_trandur": 0.05486367325475254,
    "pl_trandurerr1": 0.04714682841257701,
    "pl_trandurerr2": 0.045830188346089096,
    "pl_ratdor": 0.035042005648561414,
    "pl_ratdorerr1": 0.027303266391983216,
    "pl_ratdorerr2": 0.038667881342884236,
    "st_teff": 0.07694505446447522,
    "st_tefferr1": 0.10443352799112214,
    "st_tefferr2": 0.0966698735771858,
    "st_rad": 0.06409390966510226,
    "st_raderr1": 0.10291526131333013,
    "st_raderr2": 0.10430329555531177,
    "st_mass": 0.10657368331926431,
    "st_masserr1": 0.13634320038681125,
    "st_masserr2": 0.13097123381800843,
    "st_met": 0.06409607292400787,
    "st_logg": 0.08124523553428276,
    "st_radv": 0.026675776871276324,
    "st_radverr1": 0.020014068290644192,
    "st_radverr2": 0.014315210365737173,
    "ra": 0.36400559940581867,
    "dec": 0.36611095720154774,
    "glat": 0.34090054842901485,
    "glon": 0.34511098525988126,
    "elat": 0.3519087913280623,
    "elon": 0.35942532738750277,
    "sy_pm": 0.36515196781992487,
    "sy_pmerr1": 0.3519376634198037,
    "sy_pmerr2": 0.3501148419315334,
    "sy_pmra": 0.351093479712451,
    "sy_pmraerr1": 0.35027152515093407,
    "sy_pmraerr2": 0.3495999637087379,
    "sy_pmdec": 0.3562743356673441,
    "sy_pmdecerr1": 0.35732974146034535,
    "sy_pmdecerr2": 0.3561979481900446,
    "sy_dist": 0.37483106884090645,
    "sy_disterr1": 0.3753245310815958,
    "sy_disterr2": 0.36871046202872026,
    "sy_plx": 0.37871286052055986,
    "sy_bmag": 0.333619403224392,
    "sy_bmagerr1": 0.14390053208444242,
    "sy_bmagerr2": 0.15833096146473147,
    "sy_vmag": 0.3364530131056547,
    "sy_vmagerr1": 0.07868409391271203,
    "sy_vmagerr2": 0.07643687730792292,
    "sy_jmag": 0.3447551777846898,
    "sy_hmag": 0.36544032488138356,
    "sy_kmag": 0.3346672218700335,
    "sy_umag": 0.14792958356364694,
    "sy_umagerr1": 0.15082916415642567,
    "sy_umagerr2": 0.1522734795226659,
    "sy_gmag": 0.16280833572840803,
    "sy_gmagerr1": 0.1512900053306423,
    "sy_gmagerr2": 0.13222640339352254,
    "sy_rmag": 0.13538378327607403,
    "sy_rmagerr1": 0.14951394102244508,
    "sy_rmagerr2": 0.15911116903816036,
    "sy_imag": 0.1516740237950347,
    "sy_zmag": 0.1527446687344387,
    "sy_w1mag": 0.37508797420868234,
    "sy_w2mag": 0.35207919116468345,
    "sy_w3mag": 0.3560129478791856,
    "sy_w3magerr1": 0.2222656560827796,
    "sy_w3magerr2": 0.22828759687627298,
    "sy_w4mag": 0.2919730938432179,
    "sy_gaiamag": 0.3486971863340893,
    "sy_tmag": 0.35265694941138137,
    "sy_kepmag": 0.3435144386351021,
    "pl_nnotes": 0.09961937811222099,
    "k2_campaigns_num": 0.006517867773732089,
    "st_nphot": 0.010846842380552557,
    "pl_ntranspec": 0.028709234542706907,
    "author_reputation": 0.5344929242387064,
    "disc_locale_encoded": 0.0,
    "disc_facility_encoded": 0.02522393511670451,
    "disc_telescope_encoded": 0.018571289781007305,
    "disc_instrument_encoded": 0.01101807595261528,
    "st_spectype_encoded": 0.03677614368153059,
    "tic_id_count": 0.32166654319814025,
    "gaia_id_count": 0.3294405873648445,
    "disp_refname_count": 0.5236431903001952,
    "disc_pubdate_count": 0.4469600195298753,
    "soltype_freq": 0.25240156386786805,
    "soltype_count": 0.24308705071374792,
    "pl_tsystemref_freq": 0.1215734533042434,
    "pl_tsystemref_count": 0.11077576700318637,
    "st_metratio_freq": 0.04796701833090067,
    "st_metratio_count": 0.03849972565672943,
    "k2_campaigns_count": 0.054270613373226695
  },
  "calculated_reputations": {
    "telescope": {
      "0.18 m Takahashi Epsilon Astrograph": 0.7017405063291139,
      "0.3 m Ritchey-Chretien Telescope": 0.7001582278481012,
      "0.60 m Transiting Planets and Planetesimals Small Telescope": 0.7015822784810126,
      "0.95 m Kepler Telescope": 0.6891350210970464,
      "1.2 m Leonhard Euler Telescope": 0.7005537974683543,
      "3.58 m Telescopio Nazionale Galileo": 0.7001582278481012,
      "3.6 m ESO Telescope": 0.7000791139240505,
      "Canon 200mm f/1.8L": 0.7081487341772151,
      "Canon 400mm f/2.8L": 0.7010284810126581,
      "Multiple Telescopes": 0.702373417721519
    },
    "instrument": {
      "2K CCD Sensor": 0.7015822784810126,
      "Apogee 4K CCD Sensor": 0.7017405063291139,
      "CORALIE Spectrograph": 0.7005537974683543,
      "FLI ProLine 4K CCD Sensor": 0.7010284810126581,
      "HARPS Spectrograph": 0.7000791139240505,
      "HARPS-N Spectrograph": 0.7001582278481012,
      "Kepler CCD Array": 0.6891350210970464,
      "Multiple Instruments": 0.702373417721519,
      "TRAPPISTCAM": 0.7015822784810126,
      "Teledyne e2v CCD detector": 0.7001582278481012,
      "iKon-L CCD Camera": 0.7065664556962025
    },
    "method": {
      "Microlensing": 0.8001008318628687,
      "Radial Velocity": 0.8011595664229897,
      "Transit": 0.6603982858583313
    },
    "author": {
      "Adams": 0.47343424465325906,
      "Alonso": 0.6029593094944513,
      "Anderson": 0.6059186189889025,
      "Bakos": 0.6044389642416769,
      "Barrag": 0.6073982737361282,
      "Barros": 0.030086313193588163,
      "Bayliss": 0.6019728729963009,
      "Becker": 0.6118372379778052,
      "Bonomo": 0.6024660912453761,
      "Brahm": 0.6049321824907521,
      "Bryan": 0.6064118372379778,
      "Cabrera": 0.001972872996300863,
      "Castro": 0.2723711754079087,
      "Chakraborty": 0.6054254007398273,
      "Christiansen": 0.6853267570900123,
      "Crossfield": 0.6683564970574272,
      "Dai": 0.6409371146732429,
      "Damasso": 0.6014796547472256,
      "David": 0.6167694204685573,
      "Demangeon": 0.6024660912453761,
      "Dressing": 0.5226461398489219,
      "Eigm": 0.6029593094944513,
      "Espinoza": 0.6044389642416769,
      "Fridlund": 0.6034525277435265,
      "Frustagli": 0.6019728729963009,
      "Giles": 0.6029593094944513,
      "Gillon": 0.6192355117139334,